source_crop_code,count
FT12,24
A4,23
B8,23
LA92,23
FT91,19
LA91,17
F6,13
FE800,12
FS630,12
FS632,12
FS633,12
FS639,12
FS873,12
FS879,12
FS969,12
FS973,12
FS979,12
FS870,11
FS872,11
FU645,11
919,11
FH009,9
FS963,8
FS970,8
FT90,7
FH010,7
FS893,7
IH090,7
IH600,7
IH225,7
FH522,6
IY981,6
FS892,6
FS960,5
FS972,5
FH011,5
FH012,4
FH306,4
FO020,4
FS899,4
FU646,4
IH008,4
FS871,4
IH390,4
FE820,3
FO008,3
IY000,3
LN3,3
FS890,3
IH480,3
FH013,2
ID452,2
ID504,2
ID453,2
IO000,2
IH485,2
FS631,2
ID457,1
ID752,1
FS962,1
FY012,1
FS891,1
IH376,1
FY074,1
FU647,1
IH074,1
IH443,1
IH446,1
IY118,1