source_crop_name,count,normalized_name,suggestion_type,suggested_official_code,suggested_name_zh
南瓜-木瓜型 阿嬌,18,南瓜木瓜型阿嬌,unknown,,
鳳梨-西瓜鳳梨,16,鳳梨西瓜鳳梨,unknown,,
香蕉-越旦,15,香蕉越旦,unknown,,
甘藍-進口 改良種,14,甘藍進口改良種,unknown,,
南瓜-進口 木瓜型,13,南瓜進口木瓜型,unknown,,
甘藍-進口 初秋,12,甘藍進口初秋,unknown,,
OT曼尼薩,11,OT曼尼薩,unknown,,
OT曼尼薩-雙朵,11,OT曼尼薩雙朵,unknown,,
OT曼尼薩-三朵,11,OT曼尼薩三朵,unknown,,
OT曼尼薩-多朵,11,OT曼尼薩多朵,unknown,,
OT大連-三朵,11,OT大連三朵,unknown,,
OT大連-多朵,11,OT大連多朵,unknown,,
OT試金石-多朵,11,OT試金石多朵,unknown,,
OT紅福特-三朵,11,OT紅福特三朵,unknown,,
OT紅福特-多朵,11,OT紅福特多朵,unknown,,
萬壽菊,10,萬壽菊,unknown,,
OT大連,10,OT大連,unknown,,
OT大連-雙朵,10,OT大連雙朵,unknown,,
進口針墊花,10,進口針墊花,unknown,,
雜柑-黃金檸檬,9,雜柑黃金檸檬,unknown,,
OT紅福特,9,OT紅福特,unknown,,
進口帝王花,9,進口帝王花,unknown,,
OT帕雷諾-三朵,8,OT帕雷諾三朵,unknown,,
OT試金石-三朵,8,OT試金石三朵,unknown,,
其他-進口,7,其他進口,unknown,,
OT帕雷諾-雙朵,7,OT帕雷諾雙朵,unknown,,
OT大連-單朵,7,OT大連單朵,unknown,,
OT試金石,6,OT試金石,unknown,,
進口臘梅,6,進口臘梅,unknown,,
南瓜-進口 其他,5,南瓜進口其他,unknown,,
OT帕雷諾-多朵,5,OT帕雷諾多朵,unknown,,
進口龍膽,5,進口龍膽,unknown,,
進口泡盛草,4,進口泡盛草,unknown,,
OT紅福特-雙朵,4,OT紅福特雙朵,unknown,,
白日草,3,白日草,unknown,,
迥香-白,3,迥香白,unknown,,
油菜-油菜花,3,油菜油菜花,unknown,,
萬代蘭-巨輪混色,3,萬代蘭巨輪混色,unknown,,
OT曼尼薩-單朵,3,OT曼尼薩單朵,unknown,,
鋸齒蔓綠絨葉,3,鋸齒蔓綠絨葉,unknown,,
進口切葉類,2,進口切葉類,unknown,,
進口高山羊齒,2,進口高山羊齒,unknown,,
OT帕雷諾,2,OT帕雷諾,unknown,,
虎斑木葉,2,虎斑木葉,unknown,,
進口海芋-混色,2,進口海芋混色,unknown,,
OT帕雷諾-單朵,2,OT帕雷諾單朵,unknown,,
進口蘭花,1,進口蘭花,unknown,,
進口小飛燕草,1,進口小飛燕草,unknown,,
進口風鈴花,1,進口風鈴花,unknown,,
斑春葉,1,斑春葉,unknown,,
進口石蒜-粉花,1,進口石蒜粉花,unknown,,
進口小蒼蘭-黃色,1,進口小蒼蘭黃色,unknown,,
進口小蒼蘭-白色,1,進口小蒼蘭白色,unknown,,
進口棉花,1,進口棉花,unknown,,
南瓜-進口 圓型,1,南瓜進口圓型,unknown,,
進口海芋-黃,1,進口海芋黃,unknown,,
進口海芋-粉,1,進口海芋粉,unknown,,
OT試金石-雙朵,1,OT試金石雙朵,unknown,,
OT紅福特-單朵,1,OT紅福特單朵,unknown,,