trade_date,source_system,crop_type_code,source_crop_code,source_crop_name,market_code,market_name,avg_price,volume,official_code,matched_by
115.10.01,MAM,N05,A4,香蕉-越旦,104,台北二,28.5,772,,
115.10.01,MAM,N05,B8,鳳梨-西瓜鳳梨,104,台北二,13,288,,
115.10.01,MAM,N05,F6,雜柑-黃金檸檬,104,台北二,12.6,103,,
115.10.01,MAM,N04,FT12,南瓜-木瓜型 阿嬌,104,台北二,16.6,729,,
115.10.01,MAM,N04,FT90,南瓜-進口 其他,104,台北二,25,36,,
115.10.01,MAM,N04,FT91,南瓜-進口 木瓜型,104,台北二,14.9,1300,,
115.10.01,MAM,N04,LA91,甘藍-進口 初秋,104,台北二,24,1350,,
115.10.01,MAM,N04,LA92,甘藍-進口 改良種,104,台北二,19.5,5334,,
115.10.01,MAM,,FE800,,105,台北市場,56.7,481,,
115.10.01,MAM,,FE820,,105,台北市場,46,22,,
115.10.01,MAM,N06,FH009,萬壽菊,105,台北市場,81.2,94,,
115.10.01,MAM,,FH010,,105,台北市場,79.7,123,,
115.10.01,MAM,,FH012,,105,台北市場,62,50,,
115.10.01,MAM,,FH013,,105,台北市場,112,14,,
115.10.01,MAM,N06,FH306,白日草,105,台北市場,59.2,42,,
115.10.01,MAM,N06,FH522,迥香-白,105,台北市場,170,40,,
115.10.01,MAM,N06,FO008,嘉德麗蘭,105,台北市場,9,32,,
115.10.01,MAM,N06,FO020,萬代蘭-巨輪混色,105,台北市場,35,21,,
115.10.01,MAM,N06,FS630,OT曼尼薩,105,台北市場,78.9,27,,
115.10.01,MAM,N06,FS632,OT曼尼薩-雙朵,105,台北市場,158.1,77,,
115.10.01,MAM,N06,FS633,OT曼尼薩-三朵,105,台北市場,197.1,320,,
115.10.01,MAM,N06,FS639,OT曼尼薩-多朵,105,台北市場,239,210,,
115.10.01,MAM,N06,FS870,OT大連,105,台北市場,114.1,17,,
115.10.01,MAM,N06,FS872,OT大連-雙朵,105,台北市場,185.8,46,,
115.10.01,MAM,N06,FS873,OT大連-三朵,105,台北市場,246.7,292,,
115.10.01,MAM,N06,FS879,OT大連-多朵,105,台北市場,268,567,,
115.10.01,MAM,N06,FS893,OT帕雷諾-三朵,105,台北市場,200,12,,
115.10.01,MAM,N06,FS899,OT帕雷諾-多朵,105,台北市場,243,52,,
115.10.01,MAM,N06,FS960,OT試金石,105,台北市場,180,1,,
115.10.01,MAM,N06,FS963,OT試金石-三朵,105,台北市場,187,12,,
115.10.01,MAM,N06,FS969,OT試金石-多朵,105,台北市場,213.9,213,,
115.10.01,MAM,N06,FS972,OT紅福特-雙朵,105,台北市場,143,16,,
115.10.01,MAM,N06,FS973,OT紅福特-三朵,105,台北市場,169.2,131,,
115.10.01,MAM,N06,FS979,OT紅福特-多朵,105,台北市場,226.3,804,,
115.10.01,MAM,,FU645,,105,台北市場,255,30,,
115.10.01,MAM,,FU646,,105,台北市場,149.5,32,,
115.10.01,MAM,,ID452,,105,台北市場,146.7,30,,
115.10.01,MAM,,ID457,,105,台北市場,131,40,,
115.10.01,MAM,,ID504,,105,台北市場,149,50,,
115.10.01,MAM,,ID752,,105,台北市場,140,10,,
115.10.01,MAM,N06,IH090,進口針墊花,105,台北市場,28.9,793,,
115.10.01,MAM,N06,IH600,進口臘梅,105,台北市場,172.7,465,,
115.10.01,MAM,N06,IY000,進口切葉類,105,台北市場,150,40,,
115.10.01,MAM,N05,919,其他-進口,109,台北一,88.9,300,,
115.10.01,MAM,N05,A4,香蕉-越旦,109,台北一,19.1,726,,
115.10.01,MAM,N05,B8,鳳梨-西瓜鳳梨,109,台北一,14.9,1188,,
115.10.01,MAM,N04,FT12,南瓜-木瓜型 阿嬌,109,台北一,19.8,3094,,
115.10.01,MAM,N04,FT91,南瓜-進口 木瓜型,109,台北一,18.3,1600,,
115.10.01,MAM,N04,LA91,甘藍-進口 初秋,109,台北一,22.2,4515,,
115.10.01,MAM,N04,LA92,甘藍-進口 改良種,109,台北一,17.8,13343,,
115.10.01,MAM,N05,919,其他-進口,220,板橋區,91.8,122,,
115.10.01,MAM,N05,A4,香蕉-越旦,220,板橋區,22.2,356,,
115.10.01,MAM,N05,B8,鳳梨-西瓜鳳梨,220,板橋區,12.6,610,,
115.10.01,MAM,N05,F6,雜柑-黃金檸檬,220,板橋區,30.8,198,,
115.10.01,MAM,N04,FT12,南瓜-木瓜型 阿嬌,220,板橋區,18.5,453,,
115.10.01,MAM,N04,FT91,南瓜-進口 木瓜型,220,板橋區,19.2,410,,
115.10.01,MAM,N04,LA92,甘藍-進口 改良種,220,板橋區,23.8,1484,,
115.10.01,MAM,N05,919,其他-進口,241,三重區,145.5,11,,
115.10.01,MAM,N05,A4,香蕉-越旦,241,三重區,26.9,426,,
115.10.01,MAM,N05,B8,鳳梨-西瓜鳳梨,241,三重區,15.1,1901,,
115.10.01,MAM,N05,F6,雜柑-黃金檸檬,241,三重區,19.9,180,,
115.10.01,MAM,N04,FT12,南瓜-木瓜型 阿嬌,241,三重區,8,40,,
115.10.01,MAM,N05,A4,香蕉-越旦,338,桃農,31.1,39,,
115.10.01,MAM,N04,FT12,南瓜-木瓜型 阿嬌,338,桃農,15,40,,
115.10.01,MAM,N04,FT91,南瓜-進口 木瓜型,338,桃農,15,100,,
115.10.01,MAM,N04,LA91,甘藍-進口 初秋,338,桃農,24.5,1200,,
115.10.01,MAM,N04,LA92,甘藍-進口 改良種,338,桃農,22.7,1632,,
115.10.01,MAM,N05,A4,香蕉-越旦,400,台中市,19.3,242,,
115.10.01,MAM,N05,B8,鳳梨-西瓜鳳梨,400,台中市,15.8,3464,,
115.10.01,MAM,N05,F6,雜柑-黃金檸檬,400,台中市,27,32,,
115.10.01,MAM,N04,LA92,甘藍-進口 改良種,400,台中市,24.5,2400,,
115.10.01,MAM,N04,FT90,南瓜-進口 其他,420,豐原區,13.2,114,,
115.10.01,MAM,N04,LA92,甘藍-進口 改良種,420,豐原區,22.7,2700,,
115.10.01,MAM,N05,B8,鳳梨-西瓜鳳梨,800,高雄市,17.22,2300,,
115.10.01,MAM,N04,FT12,南瓜-木瓜型 阿嬌,800,高雄市,16.04,470,,
115.10.01,MAM,N04,LA91,甘藍-進口 初秋,800,高雄市,29.22,1729,,
115.10.01,MAM,N04,LA92,甘藍-進口 改良種,800,高雄市,23,20145,,
115.09.30,MAM,N05,A4,香蕉-越旦,104,台北二,25.3,1318,,
115.09.30,MAM,N05,B8,鳳梨-西瓜鳳梨,104,台北二,13.4,1268,,
115.09.30,MAM,N05,F6,雜柑-黃金檸檬,104,台北二,23.6,141,,
115.09.30,MAM,N04,FT12,南瓜-木瓜型 阿嬌,104,台北二,21.4,1405,,
115.09.30,MAM,N04,FT90,南瓜-進口 其他,104,台北二,22,36,,
115.09.30,MAM,N04,FT91,南瓜-進口 木瓜型,104,台北二,20.5,2040,,
115.09.30,MAM,N04,LA91,甘藍-進口 初秋,104,台北二,25,595,,
115.09.30,MAM,N04,LA92,甘藍-進口 改良種,104,台北二,23.1,2880,,
115.09.30,MAM,,FE800,,105,台北市場,66,210,,
115.09.30,MAM,N06,FH009,萬壽菊,105,台北市場,71.2,166,,
115.09.30,MAM,,FH010,,105,台北市場,72.1,157,,
115.09.30,MAM,,FH011,,105,台北市場,135,40,,
115.09.30,MAM,,FH012,,105,台北市場,60.5,100,,
115.09.30,MAM,N06,FH306,白日草,105,台北市場,59,16,,
115.09.30,MAM,N06,FH522,迥香-白,105,台北市場,141,100,,
115.09.30,MAM,N06,FS630,OT曼尼薩,105,台北市場,252,10,,
115.09.30,MAM,N06,FS632,OT曼尼薩-雙朵,105,台北市場,134,55,,
115.09.30,MAM,N06,FS633,OT曼尼薩-三朵,105,台北市場,198.7,185,,
115.09.30,MAM,N06,FS639,OT曼尼薩-多朵,105,台北市場,217.9,150,,
115.09.30,MAM,N06,FS870,OT大連,105,台北市場,178,14,,
115.09.30,MAM,N06,FS872,OT大連-雙朵,105,台北市場,140,16,,
115.09.30,MAM,N06,FS873,OT大連-三朵,105,台北市場,249.3,152,,
115.09.30,MAM,N06,FS879,OT大連-多朵,105,台北市場,262.7,346,,
115.09.30,MAM,N06,FS893,OT帕雷諾-三朵,105,台北市場,190.5,24,,
115.09.30,MAM,N06,FS899,OT帕雷諾-多朵,105,台北市場,229,50,,
115.09.30,MAM,N06,FS960,OT試金石,105,台北市場,141,15,,
115.09.30,MAM,N06,FS969,OT試金石-多朵,105,台北市場,191.7,259,,
115.09.30,MAM,N06,FS970,OT紅福特,105,台北市場,210.9,11,,
115.09.30,MAM,N06,FS973,OT紅福特-三朵,105,台北市場,167.2,113,,
115.09.30,MAM,N06,FS979,OT紅福特-多朵,105,台北市場,206.6,523,,
115.09.30,MAM,,FU645,,105,台北市場,175.4,190,,
115.09.30,MAM,,FU646,,105,台北市場,240,24,,
115.09.30,MAM,,ID453,,105,台北市場,132.4,197,,
115.09.30,MAM,N06,IH090,進口針墊花,105,台北市場,31.1,1834,,
115.09.30,MAM,N06,IH225,進口帝王花,105,台北市場,121.6,225,,
115.09.30,MAM,N06,IH600,進口臘梅,105,台北市場,162.3,194,,
115.09.30,MAM,N06,IO000,進口蘭花,105,台北市場,29.8,60,,
115.09.30,MAM,N06,IY000,進口切葉類,105,台北市場,100.9,59,,
115.09.30,MAM,N06,IY981,進口高山羊齒,105,台北市場,91.2,743,,
115.09.30,MAM,N05,919,其他-進口,109,台北一,93.8,310,,
115.09.30,MAM,N05,A4,香蕉-越旦,109,台北一,23.5,751,,
115.09.30,MAM,N05,B8,鳳梨-西瓜鳳梨,109,台北一,12.7,2551,,
115.09.30,MAM,N05,F6,雜柑-黃金檸檬,109,台北一,12,96,,
115.09.30,MAM,N04,FT12,南瓜-木瓜型 阿嬌,109,台北一,21.3,3811,,
115.09.30,MAM,N04,FT90,南瓜-進口 其他,109,台北一,17.4,840,,
115.09.30,MAM,N04,FT91,南瓜-進口 木瓜型,109,台北一,19.3,1400,,
115.09.30,MAM,N04,LA91,甘藍-進口 初秋,109,台北一,23.3,3825,,
115.09.30,MAM,N04,LA92,甘藍-進口 改良種,109,台北一,25.2,13065,,
115.09.30,MAM,N05,919,其他-進口,220,板橋區,72.2,54,,
115.09.30,MAM,N05,A4,香蕉-越旦,220,板橋區,28.3,374,,
115.09.30,MAM,N05,B8,鳳梨-西瓜鳳梨,220,板橋區,13.6,456,,
115.09.30,MAM,N05,F6,雜柑-黃金檸檬,220,板橋區,28.6,402,,
115.09.30,MAM,N04,FT12,南瓜-木瓜型 阿嬌,220,板橋區,19,973,,
115.09.30,MAM,N04,FT91,南瓜-進口 木瓜型,220,板橋區,18.4,780,,
115.09.30,MAM,N04,LA91,甘藍-進口 初秋,220,板橋區,19.3,1050,,
115.09.30,MAM,N04,LA92,甘藍-進口 改良種,220,板橋區,28.1,960,,
115.09.30,MAM,N05,919,其他-進口,241,三重區,133.3,18,,
115.09.30,MAM,N05,A4,香蕉-越旦,241,三重區,26.2,422,,
115.09.30,MAM,N05,B8,鳳梨-西瓜鳳梨,241,三重區,16.1,2761,,
115.09.30,MAM,N05,F6,雜柑-黃金檸檬,241,三重區,23,140,,
115.09.30,MAM,N04,FT12,南瓜-木瓜型 阿嬌,241,三重區,10,90,,
115.09.30,MAM,N04,FT91,南瓜-進口 木瓜型,260,宜蘭市,16,2750,,
115.09.30,MAM,N05,A4,香蕉-越旦,338,桃農,22.9,57,,
115.09.30,MAM,N04,FT12,南瓜-木瓜型 阿嬌,338,桃農,13.6,214,,
115.09.30,MAM,N04,FT91,南瓜-進口 木瓜型,338,桃農,8.2,1160,,
115.09.30,MAM,N04,LA91,甘藍-進口 初秋,338,桃農,25,600,,
115.09.30,MAM,N04,LA92,甘藍-進口 改良種,338,桃農,27.8,2570,,
115.09.30,MAM,N05,919,其他-進口,400,台中市,62.5,3200,,
115.09.30,MAM,N05,A4,香蕉-越旦,400,台中市,23.3,496,,
115.09.30,MAM,N05,B8,鳳梨-西瓜鳳梨,400,台中市,15.1,11354,,
115.09.30,MAM,,FE800,,400,台中市,49,23,,
115.09.30,MAM,,FH010,,400,台中市,42,60,,
115.09.30,MAM,,FH011,,400,台中市,210,40,,
115.09.30,MAM,N06,FH522,迥香-白,400,台中市場,210,25,,
115.09.30,MAM,N06,FO008,嘉德麗蘭,400,台中市場,7.5,68,,
115.09.30,MAM,N06,FS630,OT曼尼薩,400,台中市場,150,12,,
115.09.30,MAM,N06,FS632,OT曼尼薩-雙朵,400,台中市場,132.8,63,,
115.09.30,MAM,N06,FS633,OT曼尼薩-三朵,400,台中市場,175.7,179,,
115.09.30,MAM,N06,FS639,OT曼尼薩-多朵,400,台中市場,230.8,115,,
115.09.30,MAM,N06,FS870,OT大連,400,台中市場,120,24,,
115.09.30,MAM,N06,FS872,OT大連-雙朵,400,台中市場,143.3,77,,
115.09.30,MAM,N06,FS873,OT大連-三朵,400,台中市場,227.4,160,,
115.09.30,MAM,N06,FS879,OT大連-多朵,400,台中市場,244,128,,
115.09.30,MAM,N06,FS969,OT試金石-多朵,400,台中市場,154.8,53,,
115.09.30,MAM,N06,FS970,OT紅福特,400,台中市場,91,14,,
115.09.30,MAM,N06,FS973,OT紅福特-三朵,400,台中市場,163.4,46,,
115.09.30,MAM,N06,FS979,OT紅福特-多朵,400,台中市場,173.1,90,,
115.09.30,MAM,,FU645,,400,台中市,172.7,49,,
115.09.30,MAM,,IH008,,400,台中市,89,36,,
115.09.30,MAM,N06,IH485,進口風鈴花,400,台中市場,13,80,,
115.09.30,MAM,N06,IY981,進口高山羊齒,400,台中市場,49.9,164,,
115.09.30,MAM,N04,LA92,甘藍-進口 改良種,400,台中市,30,1500,,
115.09.30,MAM,N04,LN3,油菜-油菜花,400,台中市,3,114,,
115.09.30,MAM,N05,A4,香蕉-越旦,420,豐原區,27,66.8,,
115.09.30,MAM,N04,FT12,南瓜-木瓜型 阿嬌,420,豐原區,20,20,,
115.09.30,MAM,N04,FT91,南瓜-進口 木瓜型,420,豐原區,20,80,,
115.09.30,MAM,N04,LA92,甘藍-進口 改良種,420,豐原區,17.4,1800,,
115.09.30,MAM,,FE800,,514,溪湖鎮,53,23,,
115.09.30,MAM,N06,FO008,嘉德麗蘭,514,彰化市場,5,32,,
115.09.30,MAM,N06,FS630,OT曼尼薩,514,彰化市場,159,20,,
115.09.30,MAM,N06,FS631,OT曼尼薩-單朵,514,彰化市場,168,22,,
115.09.30,MAM,N06,FS632,OT曼尼薩-雙朵,514,彰化市場,156,182,,
115.09.30,MAM,N06,FS633,OT曼尼薩-三朵,514,彰化市場,180,383,,
115.09.30,MAM,N06,FS639,OT曼尼薩-多朵,514,彰化市場,182,163,,
115.09.30,MAM,N06,FS870,OT大連,514,彰化市場,122,14,,
115.09.30,MAM,N06,FS871,OT大連-單朵,514,彰化市場,146,56,,
115.09.30,MAM,N06,FS872,OT大連-雙朵,514,彰化市場,182,46,,
115.09.30,MAM,N06,FS873,OT大連-三朵,514,彰化市場,202,88,,
115.09.30,MAM,N06,FS879,OT大連-多朵,514,彰化市場,230,143,,
115.09.30,MAM,N06,FS890,OT帕雷諾,514,彰化市場,99,14,,
115.09.30,MAM,N06,FS892,OT帕雷諾-雙朵,514,彰化市場,151,32,,
115.09.30,MAM,N06,FS893,OT帕雷諾-三朵,514,彰化市場,154,13,,
115.09.30,MAM,N06,FS962,OT試金石-雙朵,514,彰化市場,112,20,,
115.09.30,MAM,N06,FS963,OT試金石-三朵,514,彰化市場,118,27,,
115.09.30,MAM,N06,FS969,OT試金石-多朵,514,彰化市場,163,129,,
115.09.30,MAM,N06,FS972,OT紅福特-雙朵,514,彰化市場,124,40,,
115.09.30,MAM,N06,FS973,OT紅福特-三朵,514,彰化市場,159,47,,
115.09.30,MAM,N06,FS979,OT紅福特-多朵,514,彰化市場,173,130,,
115.09.30,MAM,,FU645,,514,溪湖鎮,81,95,,
115.09.30,MAM,N06,FY012,新西蘭葉,514,彰化市場,22,8,,
115.09.30,MAM,,IH008,,514,溪湖鎮,54,21,,
115.09.30,MAM,N06,IY981,進口高山羊齒,514,彰化市場,79,72,,
115.09.30,MAM,,FE800,,700,台南市場,42,113,,
115.09.30,MAM,N06,FH009,萬壽菊,700,台南市場,68,22,,
115.09.30,MAM,,FH010,,700,台南市場,0,0,,
115.09.30,MAM,,FH011,,700,台南市場,0,0,,
115.09.30,MAM,N06,FH522,迥香-白,700,台南市場,0,0,,
115.09.30,MAM,N06,FS630,OT曼尼薩,700,台南市場,135,50,,
115.09.30,MAM,N06,FS632,OT曼尼薩-雙朵,700,台南市場,151,160,,
115.09.30,MAM,N06,FS633,OT曼尼薩-三朵,700,台南市場,198,258,,
115.09.30,MAM,N06,FS639,OT曼尼薩-多朵,700,台南市場,214,58,,
115.09.30,MAM,N06,FS870,OT大連,700,台南市場,188,31,,
115.09.30,MAM,N06,FS872,OT大連-雙朵,700,台南市場,187,97,,
115.09.30,MAM,N06,FS873,OT大連-三朵,700,台南市場,228,180,,
115.09.30,MAM,N06,FS879,OT大連-多朵,700,台南市場,276,149,,
115.09.30,MAM,N06,FS890,OT帕雷諾,700,台南市場,200,14,,
115.09.30,MAM,N06,FS960,OT試金石,700,台南市場,126,12,,
115.09.30,MAM,N06,FS963,OT試金石-三朵,700,台南市場,170,52,,
115.09.30,MAM,N06,FS969,OT試金石-多朵,700,台南市場,175,213,,
115.09.30,MAM,N06,FS970,OT紅福特,700,台南市場,159,11,,
115.09.30,MAM,N06,FS972,OT紅福特-雙朵,700,台南市場,102,14,,
115.09.30,MAM,N06,FS973,OT紅福特-三朵,700,台南市場,128,67,,
115.09.30,MAM,N06,FS979,OT紅福特-多朵,700,台南市場,192,303,,
115.09.30,MAM,,FU645,,700,台南市場,170,10,,
115.09.30,MAM,,IH008,,700,台南市場,120,18,,
115.09.30,MAM,N06,IY981,進口高山羊齒,700,台南市場,80,108,,
115.09.30,MAM,N05,B8,鳳梨-西瓜鳳梨,800,高雄市,17.5,600,,
115.09.30,MAM,,FE800,,800,高雄市,28,152,,
115.09.30,MAM,N06,FH009,萬壽菊,800,高雄市場,54,32,,
115.09.30,MAM,,FH010,,800,高雄市,29,85,,
115.09.30,MAM,N06,FS630,OT曼尼薩,800,高雄市場,206,24,,
115.09.30,MAM,N06,FS632,OT曼尼薩-雙朵,800,高雄市場,186,59,,
115.09.30,MAM,N06,FS633,OT曼尼薩-三朵,800,高雄市場,194,97,,
115.09.30,MAM,N06,FS639,OT曼尼薩-多朵,800,高雄市場,232,21,,
115.09.30,MAM,N06,FS870,OT大連,800,高雄市場,198,10,,
115.09.30,MAM,N06,FS872,OT大連-雙朵,800,高雄市場,158,31,,
115.09.30,MAM,N06,FS873,OT大連-三朵,800,高雄市場,198,98,,
115.09.30,MAM,N06,FS879,OT大連-多朵,800,高雄市場,236,142,,
115.09.30,MAM,N06,FS891,OT帕雷諾-單朵,800,高雄市場,165,13,,
115.09.30,MAM,N06,FS892,OT帕雷諾-雙朵,800,高雄市場,125,43,,
115.09.30,MAM,N06,FS893,OT帕雷諾-三朵,800,高雄市場,205,12,,
115.09.30,MAM,N06,FS963,OT試金石-三朵,800,高雄市場,138,12,,
115.09.30,MAM,N06,FS969,OT試金石-多朵,800,高雄市場,184,192,,
115.09.30,MAM,N06,FS970,OT紅福特,800,高雄市場,173,34,,
115.09.30,MAM,N06,FS972,OT紅福特-雙朵,800,高雄市場,156,13,,
115.09.30,MAM,N06,FS973,OT紅福特-三朵,800,高雄市場,216,34,,
115.09.30,MAM,N06,FS979,OT紅福特-多朵,800,高雄市場,227,238,,
115.09.30,MAM,N04,FT12,南瓜-木瓜型 阿嬌,800,高雄市,22.94,405,,
115.09.30,MAM,,FU645,,800,高雄市,187,30,,
115.09.30,MAM,,ID453,,800,高雄市,135,20,,
115.09.30,MAM,,IH008,,800,高雄市,159,36,,
115.09.30,MAM,N06,IO000,進口蘭花,800,高雄市場,144,60,,
115.09.30,MAM,N06,IY981,進口高山羊齒,800,高雄市場,53,72,,
115.09.30,MAM,N04,LA91,甘藍-進口 初秋,800,高雄市,30,180,,
115.09.30,MAM,N04,LA92,甘藍-進口 改良種,800,高雄市,25.53,16552,,
115.09.30,MAM,N05,B8,鳳梨-西瓜鳳梨,830,鳳山區,14.1,2260,,
115.09.30,MAM,N04,LN3,油菜-油菜花,900,屏東市,30,25,,
115.09.29,MAM,N05,A4,香蕉-越旦,104,台北二,28,666,,
115.09.29,MAM,N05,B8,鳳梨-西瓜鳳梨,104,台北二,12.3,180,,
115.09.29,MAM,N05,F6,雜柑-黃金檸檬,104,台北二,16.8,160,,
115.09.29,MAM,N04,FT12,南瓜-木瓜型 阿嬌,104,台北二,22.9,729,,
115.09.29,MAM,N04,FT90,南瓜-進口 其他,104,台北二,23,36,,
115.09.29,MAM,N04,FT91,南瓜-進口 木瓜型,104,台北二,19.2,2200,,
115.09.29,MAM,N04,LA91,甘藍-進口 初秋,104,台北二,25.7,1650,,
115.09.29,MAM,N04,LA92,甘藍-進口 改良種,104,台北二,22.8,8139,,
115.09.29,MAM,,FE800,,105,台北市場,47.2,292,,
115.09.29,MAM,,FE820,,105,台北市場,52,20,,
115.09.29,MAM,N06,FH009,萬壽菊,105,台北市場,65.7,200,,
115.09.29,MAM,,FH010,,105,台北市場,80.2,211,,
115.09.29,MAM,,FH011,,105,台北市場,122,40,,
115.09.29,MAM,,FH012,,105,台北市場,50.5,124,,
115.09.29,MAM,N06,FH306,白日草,105,台北市場,42,26,,
115.09.29,MAM,N06,FH522,迥香-白,105,台北市場,208.6,108,,
115.09.29,MAM,N06,FO020,萬代蘭-巨輪混色,105,台北市場,46,8,,
115.09.29,MAM,N06,FS630,OT曼尼薩,105,台北市場,160,1,,
115.09.29,MAM,N06,FS632,OT曼尼薩-雙朵,105,台北市場,133.2,136,,
115.09.29,MAM,N06,FS633,OT曼尼薩-三朵,105,台北市場,135.6,288,,
115.09.29,MAM,N06,FS639,OT曼尼薩-多朵,105,台北市場,184.2,252,,
115.09.29,MAM,N06,FS870,OT大連,105,台北市場,150.7,15,,
115.09.29,MAM,N06,FS873,OT大連-三朵,105,台北市場,205.5,216,,
115.09.29,MAM,N06,FS879,OT大連-多朵,105,台北市場,219.1,346,,
115.09.29,MAM,N06,FS890,OT帕雷諾,105,台北市場,140,1,,
115.09.29,MAM,N06,FS892,OT帕雷諾-雙朵,105,台北市場,142,14,,
115.09.29,MAM,N06,FS893,OT帕雷諾-三朵,105,台北市場,176.5,95,,
115.09.29,MAM,N06,FS899,OT帕雷諾-多朵,105,台北市場,210,20,,
115.09.29,MAM,N06,FS963,OT試金石-三朵,105,台北市場,154,12,,
115.09.29,MAM,N06,FS969,OT試金石-多朵,105,台北市場,181.5,150,,
115.09.29,MAM,N06,FS973,OT紅福特-三朵,105,台北市場,122.3,46,,
115.09.29,MAM,N06,FS979,OT紅福特-多朵,105,台北市場,205.1,431,,
115.09.29,MAM,,FU645,,105,台北市場,230,20,,
115.09.29,MAM,,FU646,,105,台北市場,183.2,77,,
115.09.29,MAM,N06,IH225,進口帝王花,105,台北市場,197.3,20,,
115.09.29,MAM,N06,IH376,進口小飛燕草,105,台北市場,226.4,77,,
115.09.29,MAM,N06,IH485,進口風鈴花,105,台北市場,26.4,960,,
115.09.29,MAM,N05,919,其他-進口,109,台北一,88.9,585,,
115.09.29,MAM,N05,A4,香蕉-越旦,109,台北一,23.5,804,,
115.09.29,MAM,N05,B8,鳳梨-西瓜鳳梨,109,台北一,13.3,1766,,
115.09.29,MAM,N04,FT12,南瓜-木瓜型 阿嬌,109,台北一,23.3,3984,,
115.09.29,MAM,N04,FT90,南瓜-進口 其他,109,台北一,18,36,,
115.09.29,MAM,N04,FT91,南瓜-進口 木瓜型,109,台北一,19.1,3910,,
115.09.29,MAM,N04,LA91,甘藍-進口 初秋,109,台北一,28.6,3117,,
115.09.29,MAM,N04,LA92,甘藍-進口 改良種,109,台北一,26,16628,,
115.09.29,MAM,N05,919,其他-進口,220,板橋區,82.6,172,,
115.09.29,MAM,N05,A4,香蕉-越旦,220,板橋區,29.2,224,,
115.09.29,MAM,N05,B8,鳳梨-西瓜鳳梨,220,板橋區,13.6,396,,
115.09.29,MAM,N05,F6,雜柑-黃金檸檬,220,板橋區,22.2,212,,
115.09.29,MAM,N04,FT12,南瓜-木瓜型 阿嬌,220,板橋區,20.3,281,,
115.09.29,MAM,N04,FT91,南瓜-進口 木瓜型,220,板橋區,14.3,840,,
115.09.29,MAM,N04,LA91,甘藍-進口 初秋,220,板橋區,28.1,1050,,
115.09.29,MAM,N04,LA92,甘藍-進口 改良種,220,板橋區,30,960,,
115.09.29,MAM,N05,919,其他-進口,241,三重區,267.7,31,,
115.09.29,MAM,N05,A4,香蕉-越旦,241,三重區,32,357,,
115.09.29,MAM,N05,B8,鳳梨-西瓜鳳梨,241,三重區,17,2607,,
115.09.29,MAM,N05,F6,雜柑-黃金檸檬,241,三重區,15,20,,
115.09.29,MAM,N04,FT12,南瓜-木瓜型 阿嬌,241,三重區,15.9,320,,
115.09.29,MAM,N05,A4,香蕉-越旦,338,桃農,28.6,167,,
115.09.29,MAM,N04,FT12,南瓜-木瓜型 阿嬌,338,桃農,15,64,,
115.09.29,MAM,N04,FT91,南瓜-進口 木瓜型,338,桃農,11.3,840,,
115.09.29,MAM,N04,LA91,甘藍-進口 初秋,338,桃農,30,600,,
115.09.29,MAM,N04,LA92,甘藍-進口 改良種,338,桃農,28,2252,,
115.09.29,MAM,N05,A4,香蕉-越旦,400,台中市,31.4,262,,
115.09.29,MAM,N05,B8,鳳梨-西瓜鳳梨,400,台中市,16.8,15126,,
115.09.29,MAM,,FE800,,400,台中市,35,46,,
115.09.29,MAM,N06,FH009,萬壽菊,400,台中市場,57.4,21,,
115.09.29,MAM,N06,FS630,OT曼尼薩,400,台中市場,113,16,,
115.09.29,MAM,N06,FS632,OT曼尼薩-雙朵,400,台中市場,144.1,78,,
115.09.29,MAM,N06,FS633,OT曼尼薩-三朵,400,台中市場,164.9,178,,
115.09.29,MAM,N06,FS639,OT曼尼薩-多朵,400,台中市場,201,133,,
115.09.29,MAM,N06,FS870,OT大連,400,台中市場,122,14,,
115.09.29,MAM,N06,FS872,OT大連-雙朵,400,台中市場,163.1,76,,
115.09.29,MAM,N06,FS873,OT大連-三朵,400,台中市場,221.7,296,,
115.09.29,MAM,N06,FS879,OT大連-多朵,400,台中市場,242.4,100,,
115.09.29,MAM,N06,FS969,OT試金石-多朵,400,台中市場,127.5,34,,
115.09.29,MAM,N06,FS973,OT紅福特-三朵,400,台中市場,169,34,,
115.09.29,MAM,N06,FS979,OT紅福特-多朵,400,台中市場,197.8,127,,
115.09.29,MAM,N04,FT12,南瓜-木瓜型 阿嬌,400,台中市,15,19,,
115.09.29,MAM,N04,FT91,南瓜-進口 木瓜型,400,台中市,8,200,,
115.09.29,MAM,N06,IH090,進口針墊花,400,台中市場,31.5,269,,
115.09.29,MAM,N06,IH225,進口帝王花,400,台中市場,72.1,89,,
115.09.29,MAM,N06,IH390,進口泡盛草,400,台中市場,31,20,,
115.09.29,MAM,N06,IH480,進口龍膽,400,台中市場,60,14,,
115.09.29,MAM,N06,IH600,進口臘梅,400,台中市場,81.5,60,,
115.09.29,MAM,N04,LA92,甘藍-進口 改良種,400,台中市,30,1200,,
115.09.29,MAM,N04,LN3,油菜-油菜花,400,台中市,5.7,115,,
115.09.29,MAM,N04,FT90,南瓜-進口 其他,420,豐原區,11.6,406,,
115.09.29,MAM,N04,FT91,南瓜-進口 木瓜型,420,豐原區,12.5,420,,
115.09.29,MAM,N04,LA92,甘藍-進口 改良種,420,豐原區,26.7,300,,
115.09.29,MAM,,FE800,,514,溪湖鎮,52,63,,
115.09.29,MAM,N06,FS630,OT曼尼薩,514,彰化市場,128,11,,
115.09.29,MAM,N06,FS631,OT曼尼薩-單朵,514,彰化市場,233,12,,
115.09.29,MAM,N06,FS632,OT曼尼薩-雙朵,514,彰化市場,125,218,,
115.09.29,MAM,N06,FS633,OT曼尼薩-三朵,514,彰化市場,168,316,,
115.09.29,MAM,N06,FS639,OT曼尼薩-多朵,514,彰化市場,189,251,,
115.09.29,MAM,N06,FS871,OT大連-單朵,514,彰化市場,151,60,,
115.09.29,MAM,N06,FS872,OT大連-雙朵,514,彰化市場,147,166,,
115.09.29,MAM,N06,FS873,OT大連-三朵,514,彰化市場,181,215,,
115.09.29,MAM,N06,FS879,OT大連-多朵,514,彰化市場,211,156,,
115.09.29,MAM,N06,FS969,OT試金石-多朵,514,彰化市場,153,182,,
115.09.29,MAM,N06,FS970,OT紅福特,514,彰化市場,131,14,,
115.09.29,MAM,N06,FS973,OT紅福特-三朵,514,彰化市場,143,58,,
115.09.29,MAM,N06,FS979,OT紅福特-多朵,514,彰化市場,179,130,,
115.09.29,MAM,,FU645,,514,溪湖鎮,114,88,,
115.09.29,MAM,N06,IH090,進口針墊花,514,彰化市場,29,50,,
115.09.29,MAM,N06,IH225,進口帝王花,514,彰化市場,64,40,,
115.09.29,MAM,N06,IH390,進口泡盛草,514,彰化市場,35,20,,
115.09.29,MAM,N06,IH480,進口龍膽,514,彰化市場,52,13,,
115.09.29,MAM,N06,IH600,進口臘梅,514,彰化市場,92,45,,
115.09.29,MAM,,FE800,,700,台南市場,49,106,,
115.09.29,MAM,N06,FH009,萬壽菊,700,台南市場,80,31,,
115.09.29,MAM,N06,FO020,萬代蘭-巨輪混色,700,台南市場,35,32,,
115.09.29,MAM,N06,FS630,OT曼尼薩,700,台南市場,123,59,,
115.09.29,MAM,N06,FS632,OT曼尼薩-雙朵,700,台南市場,132,211,,
115.09.29,MAM,N06,FS633,OT曼尼薩-三朵,700,台南市場,157,440,,
115.09.29,MAM,N06,FS639,OT曼尼薩-多朵,700,台南市場,166,314,,
115.09.29,MAM,N06,FS870,OT大連,700,台南市場,172,35,,
115.09.29,MAM,N06,FS871,OT大連-單朵,700,台南市場,207,9,,
115.09.29,MAM,N06,FS872,OT大連-雙朵,700,台南市場,158,100,,
115.09.29,MAM,N06,FS873,OT大連-三朵,700,台南市場,190,171,,
115.09.29,MAM,N06,FS879,OT大連-多朵,700,台南市場,241,112,,
115.09.29,MAM,N06,FS892,OT帕雷諾-雙朵,700,台南市場,170,16,,
115.09.29,MAM,N06,FS960,OT試金石,700,台南市場,106,17,,
115.09.29,MAM,N06,FS963,OT試金石-三朵,700,台南市場,124,11,,
115.09.29,MAM,N06,FS969,OT試金石-多朵,700,台南市場,147,192,,
115.09.29,MAM,N06,FS970,OT紅福特,700,台南市場,152,21,,
115.09.29,MAM,N06,FS973,OT紅福特-三朵,700,台南市場,167,72,,
115.09.29,MAM,N06,FS979,OT紅福特-多朵,700,台南市場,195,268,,
115.09.29,MAM,,FU645,,700,台南市場,252,12,,
115.09.29,MAM,N06,FY074,斑春葉,700,台南市場,0,0,,
115.09.29,MAM,N06,IH090,進口針墊花,700,台南市場,36,268,,
115.09.29,MAM,N06,IH225,進口帝王花,700,台南市場,82,13,,
115.09.29,MAM,N06,IH600,進口臘梅,700,台南市場,107,96,,
115.09.29,MAM,N06,IY981,進口高山羊齒,700,台南市場,15,6,,
115.09.29,MAM,N05,B8,鳳梨-西瓜鳳梨,800,高雄市,17.5,600,,
115.09.29,MAM,,FE800,,800,高雄市,38,106,,
115.09.29,MAM,N06,FH009,萬壽菊,800,高雄市場,73,45,,
115.09.29,MAM,N06,FS630,OT曼尼薩,800,高雄市場,107,34,,
115.09.29,MAM,N06,FS632,OT曼尼薩-雙朵,800,高雄市場,131,238,,
115.09.29,MAM,N06,FS633,OT曼尼薩-三朵,800,高雄市場,142,345,,
115.09.29,MAM,N06,FS639,OT曼尼薩-多朵,800,高雄市場,162,251,,
115.09.29,MAM,N06,FS870,OT大連,800,高雄市場,186,12,,
115.09.29,MAM,N06,FS871,OT大連-單朵,800,高雄市場,91,44,,
115.09.29,MAM,N06,FS872,OT大連-雙朵,800,高雄市場,130,372,,
115.09.29,MAM,N06,FS873,OT大連-三朵,800,高雄市場,162,302,,
115.09.29,MAM,N06,FS879,OT大連-多朵,800,高雄市場,200,230,,
115.09.29,MAM,N06,FS892,OT帕雷諾-雙朵,800,高雄市場,151,44,,
115.09.29,MAM,N06,FS893,OT帕雷諾-三朵,800,高雄市場,193,24,,
115.09.29,MAM,N06,FS963,OT試金石-三朵,800,高雄市場,167,12,,
115.09.29,MAM,N06,FS969,OT試金石-多朵,800,高雄市場,165,242,,
115.09.29,MAM,N06,FS970,OT紅福特,800,高雄市場,133,26,,
115.09.29,MAM,N06,FS972,OT紅福特-雙朵,800,高雄市場,81,48,,
115.09.29,MAM,N06,FS973,OT紅福特-三朵,800,高雄市場,123,120,,
115.09.29,MAM,N06,FS979,OT紅福特-多朵,800,高雄市場,176,330,,
115.09.29,MAM,N04,FT12,南瓜-木瓜型 阿嬌,800,高雄市,28,178,,
115.09.29,MAM,,FU645,,800,高雄市,218,9,,
115.09.29,MAM,N06,IH090,進口針墊花,800,高雄市場,22,313,,
115.09.29,MAM,N06,IH225,進口帝王花,800,高雄市場,75,40,,
115.09.29,MAM,N06,IH390,進口泡盛草,800,高雄市場,88,20,,
115.09.29,MAM,N06,IH600,進口臘梅,800,高雄市場,99,108,,
115.09.29,MAM,N04,LA91,甘藍-進口 初秋,800,高雄市,35,80,,
115.09.29,MAM,N04,LA92,甘藍-進口 改良種,800,高雄市,25.43,15671,,
115.09.28,MAM,N05,A4,香蕉-越旦,104,台北二,28.1,422,,
115.09.28,MAM,N05,B8,鳳梨-西瓜鳳梨,104,台北二,12,1083,,
115.09.28,MAM,N04,FT12,南瓜-木瓜型 阿嬌,104,台北二,16.4,249,,
115.09.28,MAM,N04,FT91,南瓜-進口 木瓜型,104,台北二,16.5,1040,,
115.09.28,MAM,N04,LA91,甘藍-進口 初秋,104,台北二,40.1,2100,,
115.09.28,MAM,,FE800,,105,台北市場,60.3,566,,
115.09.28,MAM,,FE820,,105,台北市場,100,20,,
115.09.28,MAM,N06,FH009,萬壽菊,105,台北市場,52.7,310,,
115.09.28,MAM,,FH010,,105,台北市場,89,251,,
115.09.28,MAM,,FH011,,105,台北市場,125,80,,
115.09.28,MAM,,FH012,,105,台北市場,43,100,,
115.09.28,MAM,,FH013,,105,台北市場,108.3,41,,
115.09.28,MAM,N06,FH306,白日草,105,台北市場,52.8,37,,
115.09.28,MAM,N06,FH522,迥香-白,105,台北市場,205,25,,
115.09.28,MAM,N06,FO020,萬代蘭-巨輪混色,105,台北市場,27.5,93,,
115.09.28,MAM,N06,FS630,OT曼尼薩,105,台北市場,133,10,,
115.09.28,MAM,N06,FS632,OT曼尼薩-雙朵,105,台北市場,121.9,216,,
115.09.28,MAM,N06,FS633,OT曼尼薩-三朵,105,台北市場,132.4,534,,
115.09.28,MAM,N06,FS639,OT曼尼薩-多朵,105,台北市場,167.5,562,,
115.09.28,MAM,N06,FS870,OT大連,105,台北市場,132.6,21,,
115.09.28,MAM,N06,FS872,OT大連-雙朵,105,台北市場,158.8,171,,
115.09.28,MAM,N06,FS873,OT大連-三朵,105,台北市場,171.5,516,,
115.09.28,MAM,N06,FS879,OT大連-多朵,105,台北市場,183.2,954,,
115.09.28,MAM,N06,FS892,OT帕雷諾-雙朵,105,台北市場,136.3,86,,
115.09.28,MAM,N06,FS893,OT帕雷諾-三朵,105,台北市場,168.9,144,,
115.09.28,MAM,N06,FS899,OT帕雷諾-多朵,105,台北市場,213,40,,
115.09.28,MAM,N06,FS960,OT試金石,105,台北市場,129.5,24,,
115.09.28,MAM,N06,FS963,OT試金石-三朵,105,台北市場,126.9,85,,
115.09.28,MAM,N06,FS969,OT試金石-多朵,105,台北市場,142.6,712,,
115.09.28,MAM,N06,FS970,OT紅福特,105,台北市場,132,13,,
115.09.28,MAM,N06,FS973,OT紅福特-三朵,105,台北市場,156.7,114,,
115.09.28,MAM,N06,FS979,OT紅福特-多朵,105,台北市場,177,895,,
115.09.28,MAM,,FU645,,105,台北市場,135.8,210,,
115.09.28,MAM,,FU646,,105,台北市場,218,120,,
115.09.28,MAM,,FU647,,105,台北市場,102.2,73,,
115.09.28,MAM,,ID452,,105,台北市場,157.5,40,,
115.09.28,MAM,,ID504,,105,台北市場,109.4,50,,
115.09.28,MAM,N06,IH074,進口石蒜-粉花,105,台北市場,411.8,33,,
115.09.28,MAM,N06,IH090,進口針墊花,105,台北市場,41,2762,,
115.09.28,MAM,N06,IH225,進口帝王花,105,台北市場,153,381,,
115.09.28,MAM,N06,IH390,進口泡盛草,105,台北市場,134.3,279,,
115.09.28,MAM,N06,IH443,進口小蒼蘭-黃色,105,台北市場,200,40,,
115.09.28,MAM,N06,IH446,進口小蒼蘭-白色,105,台北市場,226.9,49,,
115.09.28,MAM,N06,IH480,進口龍膽,105,台北市場,207.4,64,,
115.09.28,MAM,N06,IH600,進口臘梅,105,台北市場,173.9,1225,,
115.09.28,MAM,N06,IY000,進口切葉類,105,台北市場,136.2,60,,
115.09.28,MAM,N06,IY118,進口棉花,105,台北市場,33,160,,
115.09.28,MAM,N05,919,其他-進口,109,台北一,343.4,66,,
115.09.28,MAM,N05,A4,香蕉-越旦,109,台北一,19.5,182,,
115.09.28,MAM,N05,B8,鳳梨-西瓜鳳梨,109,台北一,14.1,1641,,
115.09.28,MAM,N04,FT12,南瓜-木瓜型 阿嬌,109,台北一,21.2,476,,
115.09.28,MAM,N04,FT91,南瓜-進口 木瓜型,109,台北一,16.1,1440,,
115.09.28,MAM,N04,LA91,甘藍-進口 初秋,109,台北一,26.3,6225,,
115.09.28,MAM,N04,LA92,甘藍-進口 改良種,109,台北一,32,720,,
115.09.28,MAM,N05,A4,香蕉-越旦,220,板橋區,23.5,119,,
115.09.28,MAM,N05,B8,鳳梨-西瓜鳳梨,220,板橋區,12,48,,
115.09.28,MAM,N05,F6,雜柑-黃金檸檬,220,板橋區,28,100,,
115.09.28,MAM,N04,FT12,南瓜-木瓜型 阿嬌,220,板橋區,22,180,,
115.09.28,MAM,N04,FT91,南瓜-進口 木瓜型,220,板橋區,15.2,450,,
115.09.28,MAM,N04,LA91,甘藍-進口 初秋,220,板橋區,31.4,1200,,
115.09.28,MAM,N04,LA92,甘藍-進口 改良種,220,板橋區,12,2160,,
115.09.28,MAM,N05,A4,香蕉-越旦,241,三重區,15,82,,
115.09.28,MAM,N05,B8,鳳梨-西瓜鳳梨,241,三重區,15.2,838,,
115.09.28,MAM,N05,F6,雜柑-黃金檸檬,241,三重區,29.2,120,,
115.09.28,MAM,N04,FT12,南瓜-木瓜型 阿嬌,241,三重區,19.6,182,,